Age Group,Median Annual Salary ($),Participation Rate,Total Contribution Rate,TDF US Equity Share (Model),Avg Equity Allocation (Actual),Employment Ratio,Effective US Equity Rate,Annual US Equity per Worker ($),Population 2025,BLS Workers (000s)
<25,39979.30111524164,0.54,0.093,0.536,0.87,0.2823891239646013,0.02691792,1076.1596290759853,40008623,11298.0
25-34,59800.0,0.82,0.111,0.535,0.88,0.6529696882292015,0.048695699999999995,2912.0028599999996,45888807,29964.0
35-44,72020.0,0.86,0.117,0.53,0.86,0.6640436042587483,0.053328600000000004,3840.7257720000002,45099448,29948.0
45-54,71604.0,0.87,0.123,0.444,0.76,0.6320656749474185,0.047512439999999996,3402.08075376,40345491,25501.0
55-64,68744.0,0.87,0.138,0.356,0.64,0.486103882003727,0.042741360000000006,2938.2120518400006,41143469,20000.0
65+,62036.0,0.79,0.146,0.185,0.49,0.09255194061175206,0.0213379,1323.7179644,63326603,5861.0
